{"cameraMode":{"drawMode":0,"name":"Shaded","section":"Shading Mode"},"sceneLighting":false,"audioPlay":false,"sceneViewState":{"showFog":false,"showMaterialUpdate":false,"showSkybox":false,"showFlares":false,"showImageEffects":false,"showParticleSystems":false},"in2DMode":false,"pivot":{"x":6.270004749298096,"y":31.228763580322267,"z":-11.856046676635743},"rotation":{"x":0.1315091997385025,"y":-0.04013684019446373,"z":0.005328315310180187,"w":0.9904899001121521},"size":11.714459419250489,"orthographic":false}